{
  "T3航站楼": {
    "T3D": 40.0,
    "T3C": 27.5,
    "T3E": 45.0
  },
  "打车": {
    "T3D": 28.333333333333332,
    "T2C": 16.0,
    "T3E": 31.666666666666668
  }
}
